"Keyword","Intent","Volume","Keyword Difficulty","CPC (USD)","SERP Features"
"base64 decode","Informational","40500","60","7.27","Video, Related searches"
"base64","Informational","27100","82","8.41","Video, Video Carousel, People also ask, Related searches, Things to know"
"base64 encode","Informational","12100","69","4.00","Video, Video Carousel, People also ask, Related searches, Things to know"
"base64 decoder","Commercial","8100","60","7.27","Sitelinks, Video, Related searches, Things to know, Twitter"
"base64.encodebase64","Informational","6600","69","4.00","Sitelinks, AI overview, Video, Video Carousel, People also ask"
"online base64 decoder tool","Informational","6600","63","0.00","Sitelinks, Video, People also ask, Related searches"
"decode base64","Informational","5400","62","6.01","Video, Video Carousel, Related searches"
"base64 encoder","Informational","4400","61","4.00","Video, Video Carousel, Related searches"
"decode base64 encoding","Informational","4400","64","7.27","AI overview, Video, People also ask, Discussions and forums, Related searches"
"base64 decode online","Informational","3600","63","10.81","Sitelinks, Video, Related searches"
"base64 encoding","Informational","2900","67","4.00","AI overview, Video, People also ask, Related searches, Things to know"
"decoder base64","Informational","2900","59","6.01","Sitelinks, Video, Video Carousel, Related searches, Twitter"
"base64 converter","Commercial","2400","62","0.00","Video, People also ask, Related searches, Twitter"
"can i concatenate base64 strings","Informational","2400","16","0.00","Sitelinks, AI overview, Video, People also ask"
"decode from base64 online","Informational","2400","59","10.81","Video, Related searches"
"encode base64","Informational","2400","66","0.00","Sitelinks, Video, People also ask, Related searches"
"base64 translator","Informational","1900","58","0.00","Video, Related searches"
"decode encode base64","Commercial","1900","63","7.27","Video, People also ask, Related searches"
"online base64 to file tool","Informational","1900","51","0.00","Video, Related searches"
"base64 解码","Informational","1600","55","0.00","AI overview, Related searches"
"base64 解碼","Informational","1600","54","0.00","Related searches"
"convert from base64 online","Informational","1600","59","8.14","Video, Related searches"
"esp32 base64_decode_chars","Informational","1600","11","0.00","Sitelinks, AI overview, Video"
"how to create a base64 encoded string in arduino json","Informational","1600","21","0.00","Sitelinks, AI overview, Video, People also ask, Related searches"
"base64 encode decode online","Informational","1300","50","1.00","Video, Related searches"
"base64 to img","Informational","1300","56","5.53","Video, Related searches"
"base64 to text","Informational","1300","54","0.00","Video, Related searches, Twitter"
"base64.decodestring","Informational","1300","45","7.27","Sitelinks, AI overview, Video, Video Carousel"
"base64 picture","Informational","1000","66","5.53","Sitelinks, Image pack, Video, Video Carousel, People also ask, Related searches"
"base64.","Informational, Commercial","1000","86","1.87","Sitelinks, Image, Video, Video Carousel, People also ask, Related searches, Things to know"
"convert to base64 online","Informational","1000","57","0.00","Sitelinks, Video, Related searches"
"encode into base64","Informational","1000","65","4.00","Video, Video Carousel, People also ask, Related searches"
"online base64 decode","Informational","1000","57","1.00","Sitelinks, Video, Related searches"
"online base64 decoder","Informational","1000","58","1.00","Sitelinks, Video, Related searches"
"online base64 encode","Informational","1000","56","1.00","Sitelinks, Discussions and forums, Related searches"
"arduinojson base64","Informational","880","12","0.00","Sitelinks, AI overview, Video, People also ask"
"base64 encodebase64","Informational","880","68","4.00","Sitelinks, AI overview, Video, Video Carousel, Related searches"
"base64 转图片","Informational","880","31","0.00","Related searches"
"base64-to-file converter","Informational","880","41","1.83","Video, Related searches"
"how to download base64 as excel file","","880","","0.00",""
"base64 encode online","Informational","720","58","0.00","Video, People also ask, Related searches"
"base64 encoded","Informational","720","72","4.00","AI overview, Video, Short videos, People also ask, Discussions and forums, Related searches"
"base64 img","Informational","720","56","16.72","Sitelinks, Video, Video Carousel, People also ask, Related searches"
"base64 to hex","Informational","720","23","0.00","Sitelinks, Video, Related searches"
"img to base64","Informational","720","49","2.24","Sitelinks, Image pack, Video, Video Carousel, Related searches"
"png to base64","Informational","720","39","0.00","Video, Related searches"
"what is base64","Informational","720","53","0.00","Sitelinks, AI overview, Image pack, Video, People also ask, Related searches"
"base64 decode github","Navigational, Transactional","590","51","0.00","Sitelinks, Related searches"
"base64 decoder online","Informational","590","61","1.00","Sitelinks, People also ask, Related searches"
"text to base64","Informational","590","43","0.00","Video, Video Carousel, Related searches"
"base64 decoding","Informational","480","59","0.97","Video, People also ask, Related searches"
"base64 hexadecimal","Commercial","480","25","0.00","Sitelinks, Video, People also ask, Related searches"
"base64 to png","Informational","480","27","0.00","Video, People also ask, Related searches"
"base64 to string","Informational","480","47","0.00","Sitelinks, AI overview, Video, Related searches"
"base64 디코딩","Informational","480","27","0.00","Video, Video Carousel, Related searches"
"convert base64","Informational","480","52","0.00","Sitelinks, Video, Related searches"
"convert to base64","Informational","480","59","0.00","Sitelinks, Related searches"
"decode base64 online","Informational","480","56","0.00","Sitelinks, Discussions and forums, Related searches"
"hex to base64","Informational","480","25","0.00","Sitelinks, Video, Related searches"
"base64 convert","Commercial","390","67","0.00","Video, Video Carousel, Related searches"
"base64 png","Informational","390","34","0.00","Sitelinks, Image, Image pack, Video, Related searches"
"base64 to file","Informational","390","31","0.00","Sitelinks, People also ask, Related searches"
"converter to base64","","390","","0.00",""
"minimal valid favicon.ico base64 1x1 pixel","Informational","390","36","0.00","Sitelinks, AI overview, Video, People also ask, Related searches"
"online decode base64","Informational","390","60","10.81","Sitelinks, Video, Related searches"
"what is base64 encoding","Informational","390","63","0.00","Sitelinks, AI overview, Video, Short videos, People also ask, Related searches"
"base64 conversion","Informational","320","60","0.00","Video, Video Carousel, People also ask, Related searches"
"base64 guru","Navigational","320","22","0.00","Sitelinks, Related searches"
"base64 string","Informational","320","70","0.00","Sitelinks, AI overview, Video, Short videos, People also ask, Related searches"
"base64 to ascii","Informational","320","44","0.00","AI overview, Video, Related searches"
"base64 to dec","Informational","320","15","0.00","Sitelinks, AI overview, Video, Related searches"
"file to base64","Informational","320","40","0.00","Video, Video Carousel, Related searches"
"jdk8 base64 详解","Informational","320","6","0.00","AI overview"
"online base64 encoder","Informational","320","58","1.00","Sitelinks, People also ask, Discussions and forums, Related searches"
"powershell base64 decode","Informational","320","17","0.00","Sitelinks, AI overview, Video"
"svg to base64","Informational","320","33","0.00","Sitelinks, Video, People also ask, Related searches"
"base64 decodestring","Informational","260","64","0.00","Sitelinks, AI overview, Video, Video Carousel, Discussions and forums, Related searches"
"base64 编码","Commercial","260","45","0.00","Video, People also ask, Related searches"
"base64-encoded cookies downloader","Informational","260","18","0.00","Sitelinks, Video, Related searches"
"convert from base64","Informational","260","55","0.00","Video, Related searches"
"esp32 base64 encode","Informational","260","8","0.00","Sitelinks, AI overview, Video, Video Carousel, Related searches"
"how to decode base64","Informational","260","59","0.00","Sitelinks, AI overview, Video, People also ask, Related searches"
"minimal valid favicon.ico 1x1 pixel base64","Informational","260","38","0.00","Sitelinks, AI overview, Video, People also ask, Related searches"
"powershell decode base64","Informational","260","21","0.00","Sitelinks, AI overview, Video, Related searches"
"to base64 string","Informational","260","54","0.00","Video, Video Carousel, Discussions and forums, Related searches"
"what is base64 encode","Informational","260","65","0.00","Sitelinks, AI overview, Video, Short videos, People also ask, Related searches"
"base64 chars","Informational","210","58","0.00","Sitelinks, AI overview, Image pack, Video, Video Carousel, People also ask, Related searches"
"base64 decode bash","Informational","210","28","0.00","Sitelinks, Featured snippet, Video, Related searches"
"base64 decoe","Informational","210","54","0.97","Video, Related searches"
"base64 encoder online","Informational","210","52","0.00","Video, Related searches"
"base64 online","Informational","210","57","0.00","Sitelinks, Related searches"
"base64-decode","Commercial","210","53","7.27","Sitelinks, Video, Related searches"
"bash base64 decode","Informational","210","27","0.00","Sitelinks, AI overview, Video, Video Carousel, People also ask, Related searches"
"bash decode base64","Informational","210","30","0.00","Sitelinks, AI overview, Video, Related searches"
"decode base64 string","Informational","210","58","0.00","Sitelinks, AI overview, Video, Video Carousel, People also ask, Discussions and forums, Related searches"
"decode from base64","Informational","210","53","7.27","Video, Related searches"
"decoding base64 online","Informational","210","57","0.00","Video"
"deobfuscate base64","Commercial","210","53","0.00","Sitelinks, Video, Discussions and forums, Related searches"
"golang json prevent encoding []byte to base64","Informational","210","27","0.00","Sitelinks, AI overview, Related searches"
"hexadecimal to base64","Informational","210","26","0.00","Sitelinks, Video, Related searches"
"how to base64 decode","Informational","210","50","0.00","Sitelinks, AI overview, Video, Video Carousel, Short videos, People also ask, Related searches"
"online base64 encoding","Informational","210","55","1.00","Sitelinks, Discussions and forums, Related searches"
"string to base64","Informational","210","47","0.00","Sitelinks, AI overview, Video, Video Carousel, Related searches"
"图片 转 base64","Informational","210","29","0.00","Related searches"
"base64 encode a string","Informational","170","56","0.00","Sitelinks, AI overview, Video, People also ask, Discussions and forums, Related searches"
"base64 encode decode","Informational","170","59","0.00","Sitelinks, Video, Related searches"
"base64 encode file","Informational","170","49","0.00","Sitelinks, AI overview, Video, Related searches"
"base64 encode string","Informational","170","58","0.00","Sitelinks, AI overview, Video, Video Carousel, People also ask, Discussions and forums, Related searches"
"base64 encoded string","Informational","170","64","0.00","Sitelinks, AI overview, Video, People also ask, Discussions and forums, Related searches"
"base64 encoder decoder","Informational","170","50","0.00","Video, People also ask, Related searches, Twitter"
"base64 file","Informational","170","61","0.00","AI overview, Video, Video Carousel, People also ask, Related searches"
"base64 hash","Informational","170","30","0.00","Sitelinks, AI overview, Video, Video Carousel, People also ask, Related searches"
"base64 to hexadecimal","Informational","170","24","0.00","Sitelinks, AI overview, Video, People also ask, Related searches"
"base64 解密","Informational","170","46","0.00","People also ask, Discussions and forums, Related searches"
"base64 转","Informational","170","49","0.00","Related searches"
"base64 转 图片","Informational","170","23","0.00","Related searches"
"base64.encode","","170","","3.20",""
"encode to base64","Informational","170","64","4.00","Video, People also ask, Related searches"
"img base64","Informational","170","50","2.24","Sitelinks, AI overview, Video, Video Carousel, Related searches"
"json to base64","Informational","170","21","0.00","Sitelinks, Video, Related searches"
"minimal valid woff2 file base64","","170","","0.00",""
"online converter base64","Commercial","170","57","0.00","Video, Related searches"
"online encode base64","Informational","170","57","0.00","Sitelinks, Video, People also ask, Related searches"
"powershell base64 encode","Informational","170","13","0.00","Sitelinks, AI overview, Video, People also ask"
"base64 decode to string","Informational","140","39","0.00","Sitelinks, AI overview, Video, Video Carousel, Related searches"
"base64 encode and decode","Informational","140","58","0.00","Video, People also ask, Discussions and forums, Related searches"
"base64 encoding online","Informational","140","54","0.00","Sitelinks, Discussions and forums, Related searches"
"base64 string decoder","Informational","140","56","0.00","Video, Video Carousel, Related searches"
"base64 string to string","Informational","140","47","0.00","Sitelinks, AI overview, Video, People also ask, Related searches"
"base64 text","Informational","140","53","0.00","Video, Video Carousel, People also ask, Related searches"
"base64 to binary","Informational","140","52","0.00","Video, Video Carousel, Related searches"
"base64 to jpg","Informational","140","30","0.00","Video, Related searches"
"base64 to json","Informational","140","29","0.00","Video, People also ask, Related searches"
"base64 translate","Informational","140","56","0.00","Sitelinks, Video, People also ask, Related searches"
"base64 url encode","Informational","140","41","0.00","Sitelinks, Video, Related searches"
"base64 編碼","Informational","140","49","0.00","Sitelinks, People also ask, Related searches"
"convert base64 to string","Informational","140","36","0.00","Sitelinks, AI overview, Video, Related searches"
"convert png to base64","Informational","140","16","0.00","AI overview, Video, Related searches"
"converter base64","Informational","140","52","0.00","Sitelinks, Related searches"
"encode base64 online","Informational","140","55","0.00","Sitelinks, Video"
"encode in base64","Informational","140","56","4.00","Sitelinks, Video, People also ask, Related searches"
"encoding base64","Informational","140","75","0.00","Sitelinks, Video, Short videos, People also ask, Related searches"
"from base64","Informational","140","60","0.00","Sitelinks, Video, Video Carousel, Related searches"
"jpg to base64","Informational","140","35","0.00","Related searches, Twitter"
"json base64","Commercial","140","34","0.00","Sitelinks, AI overview, Video, People also ask, Related searches, Twitter"
"osx base64 decode","Informational","140","35","0.00","AI overview, Video, People also ask, Related searches"
"psn account id base64","Informational","140","23","0.00","Sitelinks, AI overview, Video, Video Carousel, People also ask, Related searches"
"to base64","Informational","140","70","0.00","Sitelinks, Video, Video Carousel, Related searches"
"base64 ai","Informational, Transactional","110","39","5.61","Ads top, Video, People also ask, Knowledge panel, Related searches, Ads middle"
"base64 alphabet","Informational","110","70","0.00","Sitelinks, AI overview, Video, Video Carousel, People also ask, Related searches"
"base64 decode string","Informational","110","58","0.00","Sitelinks, AI overview, Video, Video Carousel, People also ask, Related searches"
"base64 encode to string","Informational","110","43","0.00","Sitelinks, Video, Video Carousel, Related searches"
"base64 encoding and decoding","Informational","110","55","0.00","Sitelinks, Video, Video Carousel, Discussions and forums, Related searches"
"base64 format","Informational","110","69","0.00","AI overview, Image pack, Video, Video Carousel, Short videos, People also ask, Related searches"
"base64 generator","Informational","110","20","0.00","Related searches"
"base64 jpg","Informational","110","34","0.00","Video, Related searches"
"base64 online decoder","Informational","110","59","10.81","Sitelinks, Video, Related searches"
"base64 to jpeg","Informational, Transactional","110","29","0.00","Sitelinks, Related searches"
"base64 viewer","Informational","110","36","0.00","Related searches, Twitter"
"base64 在线","Informational","110","49","0.00","Related searches"
"base64-encoded","Informational","110","72","4.00","AI overview, Video, Video Carousel, People also ask, Related searches"
"binary to base64","Informational","110","52","0.00","Sitelinks, Related searches"
"convert base64 to text","Informational","110","49","0.00","Sitelinks, Video, Related searches, Twitter"
"convert file to base64","Informational","110","45","0.00","AI overview, Video, Related searches"
"decode base64 to string","Informational","110","49","0.00","Sitelinks, AI overview, Video, Video Carousel, Discussions and forums, Related searches"
"decode string base64","Informational","110","45","0.00","Sitelinks, Video, Short videos, Related searches"
"english to base64","Informational","110","50","0.00","Sitelinks, Video, Related searches"
"golang base64","Informational","110","28","0.00","Sitelinks, AI overview, People also ask, Related searches"
"how to download base64 as excel","","110","","0.00",""
"jpg base64","Informational","110","27","0.00","Sitelinks, Video Carousel, People also ask, Related searches"
"online base64 encoder tool","Informational","110","55","0.00","Video"
"png base64","Informational","110","26","0.00","Sitelinks, Video, People also ask, Related searches"
"png to base64 converter","Informational","110","32","0.00","Video, Related searches"
"powershell base64 encoding","Informational","110","21","0.00","Sitelinks, AI overview, Image pack, Video, People also ask, Related searches"
"recharge webhook signature verification x-recharge-hmac-sha256 base64","","110","","0.00",""
"rfc 4648 base64 encoding standard","","110","","0.00",""
"string base64 decode","Informational","110","54","0.00","AI overview, Video, Video Carousel, Related searches"
"url base64 encoding","Informational","110","63","0.00","Sitelinks, Video, Video Carousel"
"在线 base64","Informational","110","49","0.00","Related searches"
"ascii to base64","Informational","90","61","0.00","Sitelinks, Video, People also ask, Related searches"
"base64 -d","Informational","90","66","0.00","Sitelinks, Video, Video Carousel, Short videos, People also ask, Related searches"
"base64 cipher","Informational","90","60","0.00","Sitelinks, Image pack, Video, People also ask, Related searches"
"base64 convert online","Informational","90","59","0.00","Video, People also ask, Related searches"
"base64 decide","Informational","90","51","7.27","Video, Related searches"
"base64 decode cli","Informational","90","29","0.00","Sitelinks, AI overview, Video, Related searches"
"base64 decode file","Informational","90","37","0.00","Sitelinks, Video, People also ask, Related searches"
"base64 decode powershell","Informational","90","16","0.00","Sitelinks, AI overview, Video Carousel, Related searches, Twitter"
"base64 decode terminal","Informational","90","27","0.00","Sitelinks, AI overview, Video, Video Carousel, Related searches"
"base64 decode to file","Informational","90","43","0.00","Video, People also ask, Related searches"
"base64 decode to hex","Informational","90","35","0.00","Sitelinks, Video, Related searches"
"base64 decoded","Informational","90","55","7.27","Video, People also ask, Related searches"
"base64 decoder file","Informational","90","51","0.00","Video, People also ask, Related searches"
"base64 decoder website","","90","","0.00",""
"base64 deocde","Informational","90","39","7.27","Video, Video Carousel, People also ask, Related searches"
"base64 encoder and decoder","Informational","90","53","0.00","Video, Related searches, Twitter"
"base64 encoding increases size by 33 percent","","90","","0.00",""
"base64 encoding string","Informational","90","75","0.00","Sitelinks, AI overview, Video, People also ask, Related searches"
"base64 file encode","Informational","90","57","0.00","AI overview, Video, Video Carousel, Related searches"
"base64 icons","Informational","90","8","0.00","Sitelinks, Image, Image pack, Video, Related searches"
"base64 jpeg","Informational","90","27","0.00","Sitelinks, Video, People also ask, Related searches"
"base64 link","Informational","90","62","0.00","Sitelinks, Video, People also ask, Related searches"
"base64 padding","Informational","90","18","0.00","Sitelinks, AI overview, Video, Video Carousel, People also ask, Related searches"
"base64 to xml","Informational","90","26","0.00","Sitelinks, Related searches"
"base64 url","Commercial","90","59","0.00","Sitelinks, Video, Video Carousel, Related searches"
"base64 url encoded","Informational","90","52","0.00","Sitelinks, AI overview, Video, Video Carousel, People also ask, Discussions and forums, Related searches"
"base64 在线 解码","Informational","90","41","0.00","Related searches"
"base64_encode online","Informational","90","57","0.00","Sitelinks, Video, People also ask, Related searches"
"bash base64 encode","Informational","90","29","0.00","Sitelinks, AI overview, Video, Video Carousel, Related searches"
"convert base64 to string online","Informational","90","52","0.00","Video, Related searches"
"convert string to base64","Informational","90","44","0.00","Sitelinks, AI overview, Video, Related searches"
"convert svg to base64","Informational","90","23","0.00","Sitelinks, AI overview, Related searches"
"encode file base64","Informational","90","53","0.00","AI overview, Video, Related searches"
"encoding to base64","Informational","90","54","0.00","Video, Video Carousel, Discussions and forums, Related searches"
"file encode base64","Informational","90","59","0.00","Video, Related searches, Twitter"
"format base64","Informational","90","67","0.00","Sitelinks, AI overview, Video, People also ask, Related searches"
"go base64","Informational","90","24","0.00","Sitelinks, Video, Related searches"
"how does base64 encoding work","Informational","90","52","0.00","Sitelinks, AI overview, Video, Video Carousel, People also ask, Related searches"
"how does base64 work","Informational","90","49","0.00","Sitelinks, AI overview, Image pack, Video, Video Carousel, People also ask, Related searches"
"how to decode base64 string","","90","","0.00",""
"how to encode base64","Informational","90","64","0.00","Sitelinks, AI overview, Video, Video Carousel, Short videos, People also ask, Related searches"
"html img base64","Informational","90","36","0.00","AI overview, Video, Related searches"
"img base64 html","Informational","90","24","0.00","Sitelinks, AI overview, Video, Video Carousel, Related searches"
"jpeg base64","Informational","90","49","0.00","Sitelinks, Image pack, Video, People also ask, Related searches"
"minimal valid woff2 file base64 1x1","","90","","0.00",""
"online base64_encode","Informational","90","58","0.00","Sitelinks, Video, People also ask"
"png base64 converter","","90","","0.00",""
"rust base64","Informational","90","32","0.00","Sitelinks, AI overview, Related searches"
"string base64","Informational","90","54","0.00","Sitelinks, Video, Video Carousel, People also ask, Discussions and forums, Related searches"
"string to base64 converter","Informational","90","54","0.00","Video, Video Carousel, Related searches"
"translate base64 to text","Informational","90","41","0.00","Video, Related searches"
"base64 binary decode","Informational","70","51","0.00","Sitelinks, Video, Related searches"
"base64 convert to text","Informational","70","41","0.00","Video, Related searches"
"base64 converter to text","Informational","70","37","0.00","Sitelinks, Video, Related searches"
"base64 decode binary","Informational","70","56","0.00","Sitelinks, AI overview, Video, Related searches"
"base64 decode to binary","Informational","70","50","0.00","Video Carousel, Related searches"
"base64 decode to text","Informational","70","35","0.00","Sitelinks, Video, Video Carousel, Related searches"
"base64 encode/decode","","70","","0.00",""
"base64 encoder file","Informational","70","55","0.00","Sitelinks, Video, Related searches"
"base64 encoding size overhead 33 percent","","70","","0.00",""
"base64 formatter","Informational","70","58","0.00","Sitelinks, People also ask, Related searches"
"base64 in url","Informational","70","39","0.00","Sitelinks, AI overview, Video, Video Carousel, People also ask, Related searches"
"base64 in xml","Informational","70","26","0.00","Sitelinks, AI overview, People also ask, Related searches"
"base64 invalid input","Informational","70","16","0.00","Sitelinks, AI overview, Video, People also ask, Related searches"
"base64 online encoder","Informational","70","58","0.00","Sitelinks, People also ask, Related searches"
"base64 string decode","Informational","70","53","0.00","Video, Discussions and forums, Related searches"
"base64 table","Informational","70","34","0.00","Image pack, Video, Video Carousel, Related searches"
"base64 to audio","Informational, Transactional","70","14","0.00","Sitelinks, Video, People also ask, Related searches"
"base64 to svg","Informational","70","19","0.00","Sitelinks, Video, Related searches, Twitter"
"base64 to text decoder","Informational","70","49","0.00","Video, Related searches"
"base64 to txt","Informational","70","44","0.00","Video, People also ask, Related searches"
"base64 url decode","Informational","70","37","0.00","Sitelinks, Video, Related searches, Twitter"
"base64 validator","Informational","70","24","0.00","Sitelinks, People also ask, Discussions and forums, Related searches"
"base64 加密","Informational","70","58","0.00","People also ask, Related searches"
"base64_decode","Informational","70","29","0.00","Sitelinks, Video, People also ask, Related searches"
"base64_encode decode","Informational","70","58","0.00","Video, People also ask, Related searches"
"binary base64 decode","Informational","70","36","0.00","Sitelinks, Video, Video Carousel, Related searches"
"binary to base64 converter","Informational","70","44","0.00","Video, Related searches"
"cipher base64","Informational","70","58","0.00","Sitelinks, Image pack, Video, Video Carousel, People also ask, Related searches"
"convert base64 to hex","Informational","70","16","0.00","Sitelinks, AI overview, Video, Related searches"
"convert base64 to hexadecimal","Informational","70","20","0.00","Sitelinks, AI overview, Video, Related searches"
"convert file base64","Informational","70","57","0.00","Video, Video Carousel, People also ask, Related searches"
"convert file in base64","Informational","70","40","0.00","AI overview, Video, People also ask, Discussions and forums, Related searches"
"convert from base64 string","Informational","70","58","0.00","Video, People also ask, Related searches"
"convert hex to base64","Informational","70","31","0.00","Sitelinks, AI overview, Video, Related searches"
"decode base64 file","Informational","70","43","0.00","Image pack, Video, Video Carousel, People also ask, Discussions and forums, Related searches"
"decode base64 to binary","Informational","70","55","0.00","AI overview, Video, People also ask, Related searches"
"decode base64 to file","Informational","70","31","0.00","Video, Video Carousel, Related searches"
"decode base64 to hex","Informational","70","19","0.00","Sitelinks, Video, Related searches"
"decode url base64","Informational","70","27","0.00","Sitelinks, Video, Video Carousel, Related searches"
"encode decode base64","Informational","70","58","0.00","Video, Related searches"
"go base64 encode","Informational","70","19","0.00","Sitelinks, AI overview, Video, Discussions and forums, Related searches"
"golang base64 decode","Informational","70","21","0.00","Sitelinks, AI overview, People also ask, Related searches"
"golang base64 encode","Informational","70","8","0.00","Sitelinks, AI overview, Video, Related searches"
"hex to base64 converter","Commercial","70","30","0.00","Sitelinks, Video, Related searches"
"how to encode in base64","Informational","70","56","0.00","Sitelinks, AI overview, Video, People also ask, Related searches"
"mp3 to base64","Informational","70","20","0.00","Video, Related searches"
"natsuki base64 poem","Informational","70","22","0.00","Sitelinks, Image, Image pack, Video, People also ask, Related searches"
"online convert base64","Informational","70","55","0.00","Sitelinks, Related searches"
"rfc 4648 base64 standard","","70","","0.00",""
"svg base64","Informational","70","40","0.00","Sitelinks, Video, People also ask, Related searches, Twitter"
"text to base64 converter","Informational","70","30","0.00","Video, Video Carousel, Related searches"
"url safe base64","Informational","70","54","0.00","Sitelinks, AI overview, Related searches"
"validate base64","Informational","70","8","0.00","Sitelinks, Video Carousel, Related searches"
"base64 app builder","","50","","7.50",""
"base64 cipher encoder","","50","","0.00",""
"base64 deccode","Informational","50","42","0.97","Sitelinks, Video, People also ask, Related searches"
"base64 decod","Informational","50","58","0.97","Sitelinks, Video, People also ask, Related searches"
"base64 decode and encode","Informational","50","55","0.00","AI overview, Video, Video Carousel, Related searches"
"base64 decode encode","Informational","50","62","0.00","Video, Video Carousel, People also ask, Related searches"
"base64 decode online tool","","50","","0.00",""
"base64 decode text","Informational","50","39","0.00","Sitelinks, Video Carousel, Related searches"
"base64 decoders","Informational","50","59","6.01","Related searches"
"base64 decode在线","Informational","50","51","0.00","Related searches"
"base64 encode a file","Informational","50","44","0.00","Sitelinks, AI overview, Video, Video Carousel, Discussions and forums, Related searches"
"base64 encoder decoder online","","50","","6.05",""
"base64 encoding decoding","Informational","50","62","0.00","Video, People also ask, Related searches"
"base64 encoding increases size by 33 percent 4/3","","50","","0.00",""
"base64 encoding size","","50","","0.00",""
"base64 font converter","","50","","0.00",""
"base64 icon","Informational","50","11","0.00","Image pack, Video, People also ask, Related searches"
"base64 img decode","","50","","0.00",""
"base64 llm","","50","","0.00",""
"base64 to","Informational","50","41","0.00","Video, Related searches"
"base64 to doc","Informational","50","50","0.00","Sitelinks, Related searches"
"base64 to file converter","Commercial","50","40","0.00","Video, Related searches, Twitter"
"base64 to html","Informational","50","42","0.00","Sitelinks, AI overview, Related searches"
"base64 to text converter","Informational","50","30","0.00","Video, Related searches"
"base64 url safe","Informational","50","45","0.00","Sitelinks, AI overview, Video, Video Carousel, Discussions and forums, Related searches"
"base64 图片","Informational","50","36","0.00","Related searches"
"base64.ai official website","","50","","0.00",""
"bsd base64 -b 0 disable wrapping","Informational","50","20","0.00","Sitelinks, People also ask, Related searches"
"convert base64url to base64","","50","","0.00",""
"csharp base64 decode","Informational","50","23","0.00","Sitelinks, AI overview, Video, Video Carousel, Related searches"
"decode base64 to text","Informational","50","31","0.00","Sitelinks, Video, Related searches"
"decode binary base64","Informational","50","49","0.00","Sitelinks, Video, Related searches"
"desencriptar base64","Informational","50","51","0.00","Video, Related searches"
"how to base64 encode","Informational","50","68","0.00","Sitelinks, AI overview, Video, Video Carousel, People also ask, Related searches"
"html to base64","Informational","50","54","0.00","Sitelinks, Video, People also ask, Related searches"
"img src base64","Informational","50","31","0.00","Sitelinks, People also ask"
"logo base64","Informational","50","54","0.00","Sitelinks, Image, Image pack, Video, People also ask, Related searches"
"logo to base64","","50","","0.00",""
"minimal valid favicon.ico 1x1 pixel base64 binary","","50","","0.00",""
"online base64 converter","Informational","50","57","0.00","Sitelinks, Discussions and forums, Related searches"
"online decoder base64","Informational","50","45","1.00","Video, Related searches"
"text file to base64","Informational","50","50","0.00","Sitelinks, Video, Video Carousel, Related searches"
"txt to base64","Informational","50","40","0.00","Video, People also ask, Related searches"
"what is base64 decode","Informational","50","59","0.00","Video Carousel, People also ask, Related searches"
"whats base64","Informational","50","59","0.00","Sitelinks, AI overview, Video, People also ask, Related searches"
"32 url safe base64 encoded bytes","Informational","40","16","0.00","Sitelinks, AI overview, People also ask, Related searches"
"base64 arraybuffer npm","","40","","0.00",""
"base64 b64decode","Informational","40","47","0.00","Sitelinks, AI overview, Video, People also ask, Related searches"
"base64 converter online","Informational","40","56","0.00","Video, Related searches"
"base64 convertor","Informational","40","54","0.00","Sitelinks, Related searches"
"base64 decoce","Informational","40","50","0.97","Video, People also ask, Related searches"
"base64 decode tool","Informational","40","49","0.00","Video, People also ask, Related searches"
"base64 decodeer","Informational","40","55","1.18","Sitelinks, Video, Video Carousel, Related searches"
"base64 decoding tool","Informational","40","38","0.00","Video, Related searches"
"base64 decoee","Informational","40","45","0.97","Video, Related searches"
"base64 encde","","40","","8.68",""
"base64 encode & decode","Informational","40","57","0.00","Sitelinks, Video, Video Carousel, People also ask, Related searches"
"base64 encode converter","","40","","0.00",""
"base64 encode picture","","40","","0.00",""
"base64 encode powershell","Informational","40","19","0.00","Sitelinks, AI overview, Video, Video Carousel, Discussions and forums, Related searches"
"base64 encode terminal","Informational","40","24","0.00","Sitelinks, AI overview, Video, Video Carousel, People also ask, Discussions and forums, Related searches"
"base64 encodebytes","Informational","40","67","0.00","Sitelinks, AI overview, Video, Video Carousel, Related searches"
"base64 encoded decode","","40","","0.00",""
"base64 encoding overhead 33 percent","","40","","0.00",""
"base64 end","","40","","0.00",""
"base64 enocde","Informational","40","54","1.18","Sitelinks, Video, Related searches"
"base64 hex","Informational","40","34","0.00","Sitelinks, Video, Related searches"
"base64 img src","Informational","40","36","0.00","Sitelinks, People also ask"
"base64 mp3","","40","","0.00",""
"base64 online encode","Informational","40","56","0.00","Sitelinks, Video, Related searches"
"base64 regex","Informational","40","6","0.00","AI overview, Related searches"
"base64 site","","40","","0.00",""
"base64 to audio online","","40","","0.00",""
"base64 to bytes","Informational","40","68","0.00","Sitelinks, AI overview, Video, Related searches"
"base64 to document","","40","","0.00",""
"base64 to english","Informational","40","54","0.00","Video, Related searches"
"base64 to file decoder","Informational","40","39","0.00","Sitelinks, Video, Discussions and forums, Related searches"
"base64 to hex converter","","40","","0.00",""
"base64 to iamge","Informational","40","27","5.53","Sitelinks, Video, Related searches"
"base64 visualizer","Informational","40","24","0.00","Video, People also ask, Related searches"
"base64 在线解码","Informational","40","49","0.00","Related searches"
"base64.ai document processing review enterprise","","40","","0.00",""
"base64:","Informational, Commercial","40","76","8.41","Video, Video Carousel, People also ask, Related searches, Things to know"
"base64: invalid input","Informational","40","16","0.00","AI overview, Video, Related searches"
"convert base64 to mp3","","40","","0.00",""
"convert file to base64 string","Informational","40","30","0.00","Sitelinks, Video, Discussions and forums, Related searches"
"decode base64 binary","","40","","0.00",""
"decode to base64","","40","","8.68",""
"decoding base64","Informational","40","55","1.18","Video, Video Carousel, People also ask, Discussions and forums, Related searches"
"dify base64","Informational","40","3","0.00","Sitelinks, Related searches"
"encriptar base64","","40","","0.00",""
"file base64","Informational","40","58","0.00","Video, Video Carousel, People also ask, Related searches"
"found pem framed base64 encoded asn 1 certificate","","40","","0.00",""
"minimal valid favicon.ico 1x1 base64 binary","","40","","0.00",""
"minimal valid favicon.ico base64 1x1","","40","","0.00",""
"postman base64 encode","Informational","40","28","0.00","Sitelinks, AI overview, Video, Related searches"
"protobuf base64 decode","","40","","0.00",""
"uint8array to base64","Informational","40","44","0.00","Sitelinks, AI overview, Video, People also ask, Related searches"
"uncode base64","Informational","40","56","0.00","Video, People also ask, Related searches"
"url to base64","Transactional","40","34","0.00","Sitelinks, Video, People also ask, Related searches"
"video base64","Informational","40","7","0.00","Sitelinks, Video, Related searches"
"图片转 base64","Informational","40","26","0.00","Related searches"
"base64 ai website builder","","30","","7.92",""
"base64 ddecode","","30","","8.68",""
"base64 dec","Informational","30","53","0.97","Sitelinks, Video, Related searches"
"base64 decode converter","","30","","0.00",""
"base64 decode string online","","30","","0.00",""
"base64 decode to excel","","30","","0.00",""
"base64 decode tool rfc 4648","","30","","0.00",""
"base64 decode web","","30","","0.00",""
"base64 decode website","","30","","0.00",""
"base64 decoder free","","30","","0.00",""
"base64 decoding online","","30","","6.05",""
"base64 decoer","","30","","8.68",""
"base64 decorder","Informational","30","49","0.97","Image pack, Video, Video Carousel, Related searches"
"base64 editor","","30","","0.00",""
"base64 encod","Informational","30","64","1.18","Sitelinks, Video, Video Carousel, People also ask, Related searches"
"base64 encode cli","","30","","0.00",""
"base64 encode guru","","30","","0.00",""
"base64 encode svg","","30","","0.00",""
"base64 encode to decode","","30","","0.00",""
"base64 encode yaml file kubernetes secret","","30","","0.00",""
"base64 encoded online","","30","","0.00",""
"base64 encoder/decoder","","30","","0.00",""
"base64 encoding increases size by about 33 percent","","30","","0.00",""
"base64 file converter","Informational, Transactional","30","50","1.83","Sitelinks, Related searches"
"base64 inline loader","","30","","0.00",""
"base64 online decode","Informational, Transactional","30","52","1.00","Sitelinks, Related searches"
"base64 to excel","","30","","0.00",""
"base64 to url converter","","30","","0.00",""
"base64 转换","","30","","0.00",""
"base64.io","","30","","0.00",""
"base64_encode","","30","","0.00",""
"binary to base64 n8n","","30","","0.00",""
"convert base64 to png","","30","","0.00",""
"convert into base64","","30","","0.00",""
"convert jpg to base64 string","","30","","0.00",""
"convert logo to base64","","30","","0.00",""
"convert text to base64","","30","","0.00",""
"decoder base64 online","","30","","0.00",""
"decoder online base64","","30","","0.00",""
"decodificar base64","","30","","0.00",""
"document to base64","","30","","0.00",""
"env nacos_auth_token must be set with base64 string","","30","","0.00",""
"file to base64 converter","","30","","0.00",""
"file to base64 online","","30","","0.00",""
"free base64 decoder","","30","","0.00",""
"google base64","","30","","0.00",""
"guru base64","","30","","0.00",""
"hexadecimal to base64 converter","","30","","0.00",""
"how to decode the base64 encoded string","","30","","0.00",""
"img base64 encode","","30","","0.00",""
"ios shortcuts base64 encode action","","30","","0.00",""
"jwt base64 decode","","30","","0.00",""
"mbedtls_base64_encode","","30","","0.00",""
"minimal valid favicon.ico file base64 1x1 pixel","","30","","0.00",""
"minimal valid woff2 file bytes base64","","30","","0.00",""
"mysqlbinlog base64 output decode rows","","30","","0.00",""
"powershell base64","","30","","0.00",""
"rand base64 32","","30","","0.00",""
"translate from base64","","30","","0.00",""
"url base64","","30","","0.00",""
"video to base64","","30","","0.00",""
"web base64","","30","","0.00",""
"web base64 decode","","30","","0.00",""
"www.base64","","30","","0.00",""
"zig base64","","30","","0.00",""
"图片 url 转 base64","","30","","0.00",""
"视频 转 base64","","30","","0.00",""
"/9j/ base64","","20","","0.00",""
"32 byte base64 string","","20","","0.00",""
"77u base64","","20","","0.00",""
"77u/ base64","","20","","0.00",""
"a href base64","","20","","0.00",""
"a2b_base64","","20","","0.00",""
"aa base64","","20","","0.00",""
"aadsts750056 saml message was not properly base64 encoded","","20","","0.00",""
"aes base64","","20","","0.00",""
"alternatives to base64","","20","","0.00",""
"alternatives to base64 encoding","","20","","0.00",""
"angular base64","","20","","0.00",""
"angular base64 decode","","20","","0.00",""
"angular base64 encode","","20","","0.00",""
"angular convert file to base64","","20","","0.00",""
"angular convert string to base64","","20","","0.00",""
"angular decode base64","","20","","0.00",""
"ansible base64","","20","","0.00",""
"ansible base64 decode","","20","","0.00",""
"ansible base64 encode","","20","","0.00",""
"ansible decode base64","","20","","0.00",""
"ansible encode base64","","20","","0.00",""
"apex base64 encode","","20","","0.00",""
"api base64","","20","","0.00",""
"api base64 encode","","20","","0.00",""
"apple shortcuts base64 encode action","","20","","0.00",""
"application base64","","20","","0.00",""
"application octet stream base64","","20","","0.00",""
"application octet stream to base64","","20","","0.00",""
"arduino base64","","20","","0.00",""
"arduino base64 decode","","20","","0.00",""
"arduino base64 encode","","20","","0.00",""
"arduino base64 library","","20","","0.00",""
"arraybuffer base64","","20","","0.00",""
"arraybuffer from base64","","20","","0.00",""
"arraybuffer to base64","","20","","0.00",""
"arraybuffer to base64 string","","20","","0.00",""
"arraybuffer to base64 typescript","","20","","0.00",""
"arraybuffer to string base64","","20","","0.00",""
"ascii base64","","20","","0.00",""
"ascii hex binary decimal base64 converter","","20","","0.00",""
"ascii to base64 converter","","20","","0.00",""
"ascii to base64 encode","","20","","0.00",""
"at the end of base64","","20","","0.00",""
"atob base64","","20","","0.00",""
"attributeerror module base64 has no attribute decodestring","","20","","0.00",""
"attributeerror module base64 has no attribute encodestring","","20","","0.00",""
"audio base64","","20","","0.00",""
"audio base64 decode","","20","","0.00",""
"audio file to base64","","20","","0.00",""
"audio to base64","","20","","0.00",""
"audio to base64 converter","","20","","0.00",""
"audio to base64 online","","20","","0.00",""
"authorization basic base64","","20","","0.00",""
"authorization header base64","","20","","0.00",""
"awk base64 decode","","20","","0.00",""
"aws acm import certificate invalid base64","","20","","0.00",""
"aws base64 decode","","20","","0.00",""
"aws cli invalid base64","","20","","0.00",""
"aws invalid base64","","20","","0.00",""
"aws lambda invalid base64","","20","","0.00",""
"aws lambda invoke invalid base64","","20","","0.00",""
"aws lambda invoke payload invalid base64","","20","","0.00",""
"axios base64","","20","","0.00",""
"b2a_base64","","20","","0.00",""
"bad base64","","20","","0.00",""
"bad base64 decode","","20","","0.00",""
"base base64 decode","","20","","0.00",""
"base decode base64","","20","","0.00",""
"base10 to base64","","20","","0.00",""
"base16 to base64","","20","","0.00",""
"base32 base64","","20","","0.00",""
"base32 to base64","","20","","0.00",""
"base58 to base64","","20","","0.00",""
"base64 0","","20","","0.00",""
"base64 32 bytes generator","","20","","0.00",""
"base64 9j","","20","","0.00",""
"base64 a file","","20","","0.00",""
"base64 a string","","20","","0.00",""
"base64 a txt","","20","","0.00",""
"base64 aes","","20","","0.00",""
"base64 ai ceo","","20","","0.00",""
"base64 algorithm","","20","","0.00",""
"base64 alternative","","20","","0.00",""
"base64 always ends with","","20","","0.00",""
"base64 analyzer","","20","","0.00",""
"base64 api","","20","","0.00",""
"base64 app","","20","","6.56",""
"base64 ascii","","20","","0.00",""
"base64 ascii encoding","","20","","0.00",""
"base64 attachment","","20","","0.00",""
"base64 audio","","20","","0.00",""
"base64 audio decoder","","20","","0.00",""
"base64 audio file","","20","","0.00",""
"base64 audio player","","20","","0.00",""
"base64 audio sample","","20","","0.00",""
"base64 authentication","","20","","0.00",""
"base64 authorization header","","20","","0.00",""
"base64 b64encode","","20","","0.00",""
"base64 backslash","","20","","0.00",""
"base64 base32","","20","","0.00",""
"base64 bash","","20","","0.00",""
"base64 bash encode","","20","","0.00",""
"base64 basic auth","","20","","0.00",""
"base64 beautify","","20","","0.00",""
"base64 binary","","20","","0.00",""
"base64 binary encode","","20","","0.00",""
"base64 binary file","","20","","0.00",""
"base64 binary to string","","20","","0.00",""
"base64 binary to text","","20","","0.00",""
"base64 browser","","20","","0.00",""
"base64 btoa","","20","","0.00",""
"base64 buffer","","20","","0.00",""
"base64 bytes","","20","","0.00",""
"base64 bytes to string","","20","","0.00",""
"base64 caesar cipher","","20","","0.00",""
"base64 calculator","","20","","0.00",""
"base64 cannot be resolved","","20","","0.00",""
"base64 case sensitive","","20","","0.00",""
"base64 cert","","20","","0.00",""
"base64 cert decoder","","20","","0.00",""
"base64 certificate","","20","","0.00",""
"base64 certificate decoder","","20","","0.00",""
"base64 certificate format","","20","","0.00",""
"base64 charset","","20","","0.00",""
"base64 chart","","20","","0.00",""
"base64 checker","","20","","0.00",""
"base64 checksum","","20","","0.00",""
"base64 chrome","","20","","0.00",""
"base64 chrome extension","","20","","0.00",""
"base64 cipher decoder","","20","","0.00",""
"base64 cli","","20","","0.00",""
"base64 cli decode","","20","","0.00",""
"base64 cli encode","","20","","0.00",""
"base64 codec","","20","","0.00",""
"base64 collisions","","20","","0.00",""
"base64 company","","20","","0.00",""
"base64 compare","","20","","0.00",""
"base64 compress","","20","","0.00",""
"base64 compression","","20","","0.00",""
"base64 compression online","","20","","0.00",""
"base64 compression ratio","","20","","0.00",""
"base64 compressor","","20","","0.00",""
"base64 content","","20","","0.00",""
"base64 content type","","20","","0.00",""
"base64 conversion online","","20","","0.00",""
"base64 conversion table","","20","","0.00",""
"base64 convert to file","","20","","0.00",""
"base64 converter file","","20","","0.00",""
"base64 cookie","","20","","0.00",""
"base64 counting","","20","","0.00",""
"base64 cpp","","20","","0.00",""
"base64 cracker","","20","","0.00",""
"base64 crate rust","","20","","0.00",""
"base64 creator","","20","","0.00",""
"base64 credentials","","20","","0.00",""
"base64 cryptii","","20","","0.00",""
"base64 cryptography","","20","","0.00",""
"base64 css","","20","","0.00",""
"base64 csv","","20","","0.00",""
"base64 cyberchef","","20","","0.00",""
"base64 cypher","","20","","0.00",""
"base64 dataurl","","20","","0.00",""
"base64 dcode","","20","","8.68",""
"base64 de","","20","","0.00",""
"base64 debug","","20","","0.00",""
"base64 decipher","","20","","0.00",""
"base64 decode a file","","20","","0.00",""
"base64 decode a string","","20","","0.00",""
"base64 decode algorithm","","20","","0.00",""
"base64 decode and download","","20","","0.00",""
"base64 decode and encode online","","20","","0.00",""
"base64 decode and unzip","","20","","0.00",""
"base64 decode and unzip online","","20","","0.00",""
"base64 decode angular","","20","","0.00",""
"base64 decode apex","","20","","0.00",""
"base64 decode api","","20","","0.00",""
"base64 decode browser","","20","","0.00",""
"base64 decode bytes","","20","","0.00",""
"base64 decode certificate","","20","","0.00",""
"base64 decode chef","","20","","0.00",""
"base64 decode chrome extension","","20","","0.00",""
"base64 decode console","","20","","0.00",""
"base64 decode cryptii","","20","","0.00",""
"base64 decode cyberchef","","20","","0.00",""
"base64 decode download","","20","","0.00",""
"base64 decode excel","","20","","0.00",""
"base64 decode excel formula","","20","","0.00",""
"base64 decode extension","","20","","0.00",""
"base64 decode file online","","20","","0.00",""
"base64 decode from file","","20","","0.00",""
"base64 decode go","","20","","0.00",""
"base64 decode golang","","20","","0.00",""
"base64 decode gzip","","20","","0.00",""
"base64 decode hex","","20","","0.00",""
"base64 decode hex online","","20","","0.00",""
"base64 decode in bash","","20","","0.00",""
"base64 decode in browser","","20","","0.00",""
"base64 decode in excel","","20","","0.00",""
"base64 decode in notepad++","","20","","0.00",""
"base64 decode in powershell","","20","","0.00",""
"base64 decode in terminal","","20","","0.00",""
"base64 decode in windows","","20","","0.00",""
"base64 decode incorrect padding","","20","","0.00",""
"base64 decode into file","","20","","0.00",""
"base64 decode invalid input","","20","","0.00",""
"base64 decode jpg","","20","","0.00",""
"base64 decode json","","20","","0.00",""
"base64 decode jwt","","20","","0.00",""
"base64 decode kali","","20","","0.00",""
"base64 decode kubernetes secret","","20","","0.00",""
"base64 decode local","","20","","0.00",""
"base64 decode locally","","20","","0.00",""
"base64 decode lua","","20","","0.00",""
"base64 decode meaning","","20","","0.00",""
"base64 decode multiple lines","","20","","0.00",""
"base64 decode mysql","","20","","0.00",""
"base64 decode not working","","20","","0.00",""
"base64 decode notepad++","","20","","0.00",""
"base64 decode npm","","20","","0.00",""
"base64 decode offline","","20","","0.00",""
"base64 decode on windows","","20","","0.00",""
"base64 decode online file","","20","","0.00",""
"base64 decode online to file","","20","","0.00",""
"base64 decode oracle","","20","","0.00",""
"base64 decode org","","20","","0.00",""
"base64 decode osx","","20","","0.00",""
"base64 decode padding","","20","","0.00",""
"base64 decode picture","","20","","0.00",""
"base64 decode png","","20","","0.00",""
"base64 decode postgres","","20","","0.00",""
"base64 decode program","","20","","0.00",""
"base64 decode python3","","20","","0.00",""
"base64 decode rails","","20","","0.00",""
"base64 decode roblox","","20","","0.00",""
"base64 decode ruby","","20","","0.00",""
"base64 decode scala","","20","","0.00",""
"base64 decode shell","","20","","0.00",""
"base64 decode site","","20","","0.00",""
"base64 decode software","","20","","0.00",""
"base64 decode splunk","","20","","0.00",""
"base64 decode svg","","20","","0.00",""
"base64 decode swift","","20","","0.00",""
"base64 decode table","","20","","0.00",""
"base64 decode to ascii","","20","","0.00",""
"base64 decode to binary file","","20","","0.00",""
"base64 decode to bytes","","20","","0.00",""
"base64 decode to file online","","20","","0.00",""
"base64 decode to hex online","","20","","0.00",""
"base64 decode to hex string","","20","","0.00",""
"base64 decode to html","","20","","0.00",""
"base64 decode to jpg","","20","","0.00",""
"base64 decode to json","","20","","0.00",""
"base64 decode to png","","20","","0.00",""
"base64 decode to zip file","","20","","0.00",""
"base64 decode tool download","","20","","0.00",""
"base64 decode tool windows","","20","","0.00",""
"base64 decode typescript","","20","","0.00",""
"base64 decode ubuntu","","20","","0.00",""
"base64 decode unix","","20","","0.00",""
"base64 decode url","","20","","0.00",""
"base64 decode utf8","","20","","0.00",""
"base64 decode video","","20","","0.00",""
"base64 decode vscode","","20","","0.00",""
"base64 decode windows","","20","","0.00",""
"base64 decode windows powershell","","20","","0.00",""
"base64 decode with salt","","20","","0.00",""
"base64 decode xml","","20","","0.00",""
"base64 decode zip file","","20","","0.00",""
"base64 decode zsh","","20","","0.00",""
"base64 decode 在线","","20","","0.00",""
"base64 decodebase64","","20","","0.00",""
"base64 decodebytes","","20","","0.00",""
"base64 decoder download","","20","","0.00",""
"base64 decoder offline","","20","","0.00",""
"base64 decoder to hex","","20","","0.00",""
"base64 decoder tool","","20","","0.00",""
"base64 decoder windows","","20","","0.00",""
"base64 decodificador","","20","","0.00",""
"base64 decodificar","","20","","0.00",""
"base64 decompiler","","20","","0.00",""
"base64 decompress","","20","","0.00",""
"base64 default","","20","","0.00",""
"base64 definition","","20","","0.00",""
"base64 deflate","","20","","0.00",""
"base64 deobfuscator","","20","","0.00",""
"base64 der","","20","","0.00",""
"base64 deserialize","","20","","0.00",""
"base64 dictionary","","20","","0.00",""
"base64 digest","","20","","0.00",""
"base64 digits","","20","","0.00",""
"base64 document","","20","","0.00",""
"base64 documentation","","20","","0.00",""
"base64 docx","","20","","0.00",""
"base64 double equals","","20","","0.00",""
"base64 download","","20","","0.00",""
"base64 download file","","20","","0.00",""
"base64 editor online","","20","","0.00",""
"base64 efficiency","","20","","0.00",""
"base64 email","","20","","0.00",""
"base64 emoji","","20","","0.00",""
"base64 empty string","","20","","0.00",""
"base64 en","","20","","0.00",""
"base64 encode algorithm","","20","","0.00",""
"base64 encode alternative","","20","","0.00",""
"base64 encode and decode online","","20","","0.00",""
"base64 encode angular","","20","","0.00",""
"base64 encode apex","","20","","0.00",""
"base64 encode api","","20","","0.00",""
"base64 encode ascii","","20","","0.00",""
"base64 encode authorization header","","20","","0.00",""
"base64 encode bash","","20","","0.00",""
"base64 encode basic auth","","20","","0.00",""
"base64 encode binary","","20","","0.00",""
"base64 encode binary file","","20","","0.00",""
"base64 encode browser","","20","","0.00",""
"base64 encode bytes","","20","","0.00",""
"base64 encode certificate","","20","","0.00",""
"base64 encode client id and secret","","20","","0.00",""
"base64 encode client id and secret online","","20","","0.00",""
"base64 encode csv file","","20","","0.00",""
"base64 encode document","","20","","0.00",""
"base64 encode download","","20","","0.00",""
"base64 encode excel","","20","","0.00",""
"base64 encode excel file","","20","","0.00",""
"base64 encode excel formula","","20","","0.00",""
"base64 encode exe","","20","","0.00",""
"base64 encode explained","","20","","0.00",""
"base64 encode file bash","","20","","0.00",""
"base64 encode file contents","","20","","0.00",""
"base64 encode file online","","20","","0.00",""
"base64 encode file powershell","","20","","0.00",""
"base64 encode file terminal","","20","","0.00",""
"base64 encode file windows","","20","","0.00",""
"base64 encode flutter","","20","","0.00",""
"base64 encode font","","20","","0.00",""
"base64 encode format","","20","","0.00",""
"base64 encode from file","","20","","0.00",""
"base64 encode generator","","20","","0.00",""
"base64 encode gif","","20","","0.00",""
"base64 encode golang","","20","","0.00",""
"base64 encode hex","","20","","0.00",""
"base64 encode how it works","","20","","0.00",""
"base64 encode html","","20","","0.00",""
"base64 encode in bash","","20","","0.00",""
"base64 encode in browser","","20","","0.00",""
"base64 encode in postman","","20","","0.00",""
"base64 encode in powershell","","20","","0.00",""
"base64 encode in terminal","","20","","0.00",""
"base64 encode jks file","","20","","0.00",""
"base64 encode jpeg","","20","","0.00",""
"base64 encode jpg","","20","","0.00",""
"base64 encode json","","20","","0.00",""
"base64 encode json file","","20","","0.00",""
"base64 encode kubernetes secret","","20","","0.00",""
"base64 encode locally","","20","","0.00",""
"base64 encode lua","","20","","0.00",""
"base64 encode max length","","20","","0.00",""
"base64 encode meaning","","20","","0.00",""
"base64 encode mp3","","20","","0.00",""
"base64 encode multiple lines","","20","","0.00",""
"base64 encode mysql","","20","","0.00",""
"base64 encode newline","","20","","0.00",""
"base64 encode no newline","","20","","0.00",""
"base64 encode notepad++","","20","","0.00",""
"base64 encode npm","","20","","0.00",""
"base64 encode number","","20","","0.00",""
"base64 encode offline","","20","","0.00",""
"base64 encode one line","","20","","0.00",""
"base64 encode online tool","","20","","0.00",""
"base64 encode org","","20","","0.00",""
"base64 encode padding","","20","","0.00",""
"base64 encode pem file","","20","","0.00",""
"base64 encode png","","20","","0.00",""
"base64 encode postman","","20","","0.00",""
"base64 encode powershell script","","20","","0.00",""
"base64 encode python3","","20","","0.00",""
"base64 encode remove newline","","20","","0.00",""
"base64 encode ruby","","20","","0.00",""
"base64 encode secret kubernetes","","20","","0.00",""
"base64 encode sha256 hash online","","20","","0.00",""
"base64 encode shell","","20","","0.00",""
"base64 encode single line","","20","","0.00",""
"base64 encode size","","20","","0.00",""
"base64 encode size increase","","20","","0.00",""
"base64 encode string bash","","20","","0.00",""
"base64 encode string golang","","20","","0.00",""
"base64 encode string online","","20","","0.00",""
"base64 encode swift","","20","","0.00",""
"base64 encode table","","20","","0.00",""
"base64 encode text","","20","","0.00",""
"base64 encode text online","","20","","0.00",""
"base64 encode to file","","20","","0.00",""
"base64 encode tool","","20","","0.00",""
"base64 encode typescript","","20","","0.00",""
"base64 encode ubuntu","","20","","0.00",""
"base64 encode uint8array","","20","","0.00",""
"base64 encode unicode","","20","","0.00",""
"base64 encode unix","","20","","0.00",""
"base64 encode url","","20","","0.00",""
"base64 encode url safe","","20","","0.00",""
"base64 encode utf8","","20","","0.00",""
"base64 encode uuid","","20","","0.00",""
"base64 encode values","","20","","0.00",""
"base64 encode vba","","20","","0.00",""
"base64 encode video","","20","","0.00",""
"base64 encode windows powershell","","20","","0.00",""
"base64 encode with padding","","20","","0.00",""
"base64 encode with salt","","20","","0.00",""
"base64 encode without newline","","20","","0.00",""
"base64 encode without padding","","20","","0.00",""
"base64 encode xml","","20","","0.00",""
"base64 encode zip file","","20","","0.00",""
"base64 encode zsh","","20","","0.00",""
"base64 encode64","","20","","0.00",""
"base64 encodebase64string","","20","","0.00",""
"base64 encodebase64urlsafestring","","20","","0.00",""
"base64 encoded binary","","20","","0.00",""
"base64 encoded cert","","20","","0.00",""
"base64 encoded certificate","","20","","0.00",""
"base64 encoded certificate request","","20","","0.00",""
"base64 encoded content","","20","","0.00",""
"base64 encoded credentials","","20","","0.00",""
"base64 encoded format","","20","","0.00",""
"base64 encoded json","","20","","0.00",""
"base64 encoded meaning","","20","","0.00",""
"base64 encoded png","","20","","0.00",""
"base64 encoded string length","","20","","0.00",""
"base64 encoded string online","","20","","0.00",""
"base64 encoded svg","","20","","0.00",""
"base64 encoded text","","20","","0.00",""
"base64 encoded value","","20","","0.00",""
"base64 encoded x 509","","20","","0.00",""
"base64 encoded x 509 certificate","","20","","0.00",""
"base64 encoder & decoder","","20","","0.00",""
"base64 encoder / decoder","","20","","0.00",""
"base64 encoder decoder download","","20","","0.00",""
"base64 encoder download","","20","","0.00",""
"base64 encodestring","","20","","0.00",""
"base64 encodetostring","","20","","0.00",""
"base64 encoding algorithm","","20","","0.00",""
"base64 encoding alternatives","","20","","0.00",""
"base64 encoding efficiency","","20","","0.00",""
"base64 encoding explained","","20","","0.00",""
"base64 encoding format","","20","","0.00",""
"base64 encoding golang","","20","","0.00",""
"base64 encoding increases size by 33 percent overhead","","20","","0.00",""
"base64 encoding length","","20","","0.00",""
"base64 encoding meaning","","20","","0.00",""
"base64 encoding overhead 33 percent size increase","","20","","0.00",""
"base64 encoding padding","","20","","0.00",""
"base64 encoding powershell","","20","","0.00",""
"base64 encoding scheme","","20","","0.00",""
"base64 encoding size increase","","20","","0.00",""
"base64 encoding size increase percentage","","20","","0.00",""
"base64 encoding size overhead percentage","","20","","0.00",""
"base64 encoding swift","","20","","0.00",""
"base64 encoding table","","20","","0.00",""
"base64 encoding tool","","20","","0.00",""
"base64 equal sign","","20","","0.00",""
"base64 excel","","20","","0.00",""
"base64 excel file","","20","","0.00",""
"base64 exe","","20","","0.00",""
"base64 explained","","20","","0.00",""
"base64 extension","","20","","0.00",""
"base64 extra operand","","20","","0.00",""
"base64 extractor","","20","","0.00",""
"base64 favicon","","20","","0.00",""
"base64 file content","","20","","0.00",""
"base64 file decode","","20","","0.00",""
"base64 file decoder","","20","","0.00",""
"base64 file download","","20","","0.00",""
"base64 file extension","","20","","0.00",""
"base64 file format","","20","","0.00",""
"base64 file size","","20","","0.00",""
"base64 file size limit","","20","","0.00",""
"base64 file type","","20","","0.00",""
"base64 file upload","","20","","0.00",""
"base64 file viewer","","20","","0.00",""
"base64 filename","","20","","0.00",""
"base64 fixer","","20","","0.00",""
"base64 flags","","20","","0.00",""
"base64 font","","20","","0.00",""
"base64 font encoder","","20","","0.00",""
"base64 for windows","","20","","0.00",""
"base64 format converter","","20","","0.00",""
"base64 from file","","20","","0.00",""
"base64 from string","","20","","0.00",""
"base64 from url","","20","","0.00",""
"base64 function","","20","","0.00",""
"base64 gen","","20","","0.00",""
"base64 generator online","","20","","0.00",""
"base64 generator random","","20","","0.00",""
"base64 getdecoder","","20","","0.00",""
"base64 getdecoder decode","","20","","0.00",""
"base64 getencoder encodetostring","","20","","0.00",""
"base64 geturldecoder","","20","","0.00",""
"base64 gif","","20","","0.00",""
"base64 git","","20","","0.00",""
"base64 github","","20","","0.00",""
"base64 gmail","","20","","0.00",""
"base64 golang","","20","","0.00",""
"base64 guid","","20","","0.00",""
"base64 guru decode","","20","","0.00",""
"base64 guru encode","","20","","0.00",""
"base64 gzip","","20","","0.00",""
"base64 gzip decode","","20","","0.00",""
"base64 gzip decode online","","20","","0.00",""
"base64 hash decoder","","20","","0.00",""
"base64 hash generator","","20","","0.00",""
"base64 hashing","","20","","0.00",""
"base64 header","","20","","0.00",""
"base64 hex decode","","20","","0.00",""
"base64 hex encode","","20","","0.00",""
"base64 high entropy string","","20","","0.00",""
"base64 hmac","","20","","0.00",""
"base64 how does it work","","20","","0.00",""
"base64 how it works","","20","","0.00",""
"base64 how to decode","","20","","0.00",""
"base64 html","","20","","0.00",""
"base64 html decode","","20","","0.00",""
"base64 html encode","","20","","0.00",""
"base64 icon generator","","20","","0.00",""
"base64 id","","20","","0.00",""
"base64 identifier","","20","","0.00",""
"base64 img tag","","20","","0.00",""
"base64 implementation","","20","","0.00",""
"base64 import","","20","","0.00",""
"base64 in browser","","20","","0.00",""
"base64 in email","","20","","0.00",""
"base64 in img tag","","20","","0.00",""
"base64 in json","","20","","0.00",""
"base64 in morse","","20","","0.00",""
"base64 in numbers","","20","","0.00",""
"base64 in one line","","20","","0.00",""
"base64 in postman","","20","","0.00",""
"base64 in powershell","","20","","0.00",""
"base64 in terminal","","20","","0.00",""
"base64 incorrect padding","","20","","0.00",""
"base64 increase size","","20","","0.00",""
"base64 increases size by 33 percent","","20","","0.00",""
"base64 increases size by 33 percent 4/3 overhead","","20","","0.00",""
"base64 increases size by 33 percent rfc 4648","","20","","0.00",""
"base64 increases size by 33 percent source","","20","","0.00",""
"base64 index table","","20","","0.00",""
"base64 install","","20","","0.00",""
"base64 integrations","","20","","0.00",""
"base64 invalid argument","","20","","0.00",""