Top pages,Clicks,Impressions,CTR,Position
https://base64go.com/blog/can-i-concatenate-base64-strings/,1,14,7.14%,6.21
https://base64go.com/blog/how-to-decode-base64/,0,104,0%,72.01
https://base64go.com/blog/powershell-base64-decode/,0,22,0%,18.91
https://base64go.com/,0,18,0%,47.28
https://base64go.com/blog/base64-to-hex/,0,16,0%,48.19
https://base64go.com/what-is-base64/,0,11,0%,49.55
https://base64go.com/blog/base64-vs-base64url/,0,10,0%,46.5
https://base64go.com/blog/hex-to-base64/,0,10,0%,46.6
https://base64go.com/blog/png-to-base64/,0,9,0%,35.11
https://base64go.com/blog/svg-to-base64/,0,8,0%,22.62
https://base64go.com/terms/,0,5,0%,3.8
https://base64go.com/privacy/,0,4,0%,1.5
https://base64go.com/contact/,0,4,0%,5
https://base64go.com/about/,0,4,0%,5.75
https://base64go.com/blog/,0,3,0%,2.33
https://base64go.com/blog/base64-is-not-encryption/,0,1,0%,9